[
  {
    "title": "Recette démo 1 (Soupe)",
    "summary": "Recette de démonstration.",
    "servings": 3,
    "timeMinutes": 10,
    "category": "Soupe",
    "imageURL": null,
    "ingredients": [
      {
        "name": "Ingredient 1",
        "quantity": 377,
        "unit": "ml"
      },
      {
        "name": "Ingredient 2",
        "quantity": 84,
        "unit": "ml"
      },
      {
        "name": "Ingredient 3",
        "quantity": 238,
        "unit": "g"
      },
      {
        "name": "Ingredient 4",
        "quantity": 312,
        "unit": "ml"
      },
      {
        "name": "Ingredient 5",
        "quantity": 4,
        "unit": "pcs"
      },
      {
        "name": "Ingredient 6",
        "quantity": 221,
        "unit": "g"
      }
    ],
    "steps": [
      "Étape 1: faire quelque chose de simple.",
      "Étape 2: faire quelque chose de simple.",
      "Étape 3: faire quelque chose de simple.",
      "Étape 4: faire quelque chose de simple."
    ]
  },
  {
    "title": "Recette démo 2 (Poisson)",
    "summary": "Recette de démonstration.",
    "servings": 4,
    "timeMinutes": 15,
    "category": "Poisson",
    "imageURL": null,
    "ingredients": [
      {
        "name": "Ingredient 1",
        "quantity": 2,
        "unit": "pcs"
      },
      {
        "name": "Ingredient 2",
        "quantity": 350,
        "unit": "g"
      },
      {
        "name": "Ingredient 3",
        "quantity": 5,
        "unit": "pcs"
      },
      {
        "name": "Ingredient 4",
        "quantity": 3,
        "unit": "pcs"
      },
      {
        "name": "Ingredient 5",
        "quantity": 323,
        "unit": "ml"
      },
      {
        "name": "Ingredient 6",
        "quantity": 355,
        "unit": "ml"
      }
    ],
    "steps": [
      "Étape 1: faire quelque chose de simple.",
      "Étape 2: faire quelque chose de simple.",
      "Étape 3: faire quelque chose de simple."
    ]
  },
  {
    "title": "Recette démo 3 (Dessert)",
    "summary": "Recette de démonstration.",
    "servings": 2,
    "timeMinutes": 25,
    "category": "Dessert",
    "imageURL": null,
    "ingredients": [
      {
        "name": "Ingredient 1",
        "quantity": 236,
        "unit": "g"
      },
      {
        "name": "Ingredient 2",
        "quantity": 4,
        "unit": "pcs"
      },
      {
        "name": "Ingredient 3",
        "quantity": 355,
        "unit": "g"
      },
      {
        "name": "Ingredient 4",
        "quantity": 421,
        "unit": "g"
      },
      {
        "name": "Ingredient 5",
        "quantity": 347,
        "unit": "ml"
      }
    ],
    "steps": [
      "Étape 1: faire quelque chose de simple.",
      "Étape 2: faire quelque chose de simple.",
      "Étape 3: faire quelque chose de simple.",
      "Étape 4: faire quelque chose de simple."
    ]
  },
  {
    "title": "Recette démo 4 (Salade)",
    "summary": "Recette de démonstration.",
    "servings": 2,
    "timeMinutes": 40,
    "category": "Salade",
    "imageURL": null,
    "ingredients": [
      {
        "name": "Ingredient 1",
        "quantity": 402,
        "unit": "ml"
      },
      {
        "name": "Ingredient 2",
        "quantity": 461,
        "unit": "ml"
      },
      {
        "name": "Ingredient 3",
        "quantity": 464,
        "unit": "ml"
      },
      {
        "name": "Ingredient 4",
        "quantity": 372,
        "unit": "g"
      },
      {
        "name": "Ingredient 5",
        "quantity": 149,
        "unit": "g"
      }
    ],
    "steps": [
      "Étape 1: faire quelque chose de simple.",
      "Étape 2: faire quelque chose de simple."
    ]
  },
  {
    "title": "Recette démo 5 (Poulet)",
    "summary": "Recette de démonstration.",
    "servings": 3,
    "timeMinutes": 40,
    "category": "Poulet",
    "imageURL": null,
    "ingredients": [
      {
        "name": "Ingredient 1",
        "quantity": 2,
        "unit": "pcs"
      },
      {
        "name": "Ingredient 2",
        "quantity": 461,
        "unit": "g"
      },
      {
        "name": "Ingredient 3",
        "quantity": 68,
        "unit": "ml"
      }
    ],
    "steps": [
      "Étape 1: faire quelque chose de simple.",
      "Étape 2: faire quelque chose de simple."
    ]
  },
  {
    "title": "Recette démo 6 (Soupe)",
    "summary": "Recette de démonstration.",
    "servings": 4,
    "timeMinutes": 20,
    "category": "Soupe",
    "imageURL": null,
    "ingredients": [
      {
        "name": "Ingredient 1",
        "quantity": 105,
        "unit": "ml"
      },
      {
        "name": "Ingredient 2",
        "quantity": 438,
        "unit": "ml"
      },
      {
        "name": "Ingredient 3",
        "quantity": 6,
        "unit": "pcs"
      },
      {
        "name": "Ingredient 4",
        "quantity": 491,
        "unit": "g"
      },
      {
        "name": "Ingredient 5",
        "quantity": 493,
        "unit": "ml"
      }
    ],
    "steps": [
      "Étape 1: faire quelque chose de simple.",
      "Étape 2: faire quelque chose de simple."
    ]
  },
  {
    "title": "Recette démo 7 (Soupe)",
    "summary": "Recette de démonstration.",
    "servings": 3,
    "timeMinutes": 30,
    "category": "Soupe",
    "imageURL": null,
    "ingredients": [
      {
        "name": "Ingredient 1",
        "quantity": 3,
        "unit": "pcs"
      },
      {
        "name": "Ingredient 2",
        "quantity": 6,
        "unit": "pcs"
      },
      {
        "name": "Ingredient 3",
        "quantity": 105,
        "unit": "ml"
      }
    ],
    "steps": [
      "Étape 1: faire quelque chose de simple.",
      "Étape 2: faire quelque chose de simple.",
      "Étape 3: faire quelque chose de simple.",
      "Étape 4: faire quelque chose de simple."
    ]
  },
  {
    "title": "Recette démo 8 (Dessert)",
    "summary": "Recette de démonstration.",
    "servings": 4,
    "timeMinutes": 30,
    "category": "Dessert",
    "imageURL": null,
    "ingredients": [
      {
        "name": "Ingredient 1",
        "quantity": 482,
        "unit": "g"
      },
      {
        "name": "Ingredient 2",
        "quantity": 480,
        "unit": "g"
      },
      {
        "name": "Ingredient 3",
        "quantity": 202,
        "unit": "g"
      },
      {
        "name": "Ingredient 4",
        "quantity": 6,
        "unit": "pcs"
      }
    ],
    "steps": [
      "Étape 1: faire quelque chose de simple.",
      "Étape 2: faire quelque chose de simple.",
      "Étape 3: faire quelque chose de simple."
    ]
  },
  {
    "title": "Recette démo 9 (Dessert)",
    "summary": "Recette de démonstration.",
    "servings": 4,
    "timeMinutes": 20,
    "category": "Dessert",
    "imageURL": null,
    "ingredients": [
      {
        "name": "Ingredient 1",
        "quantity": 1,
        "unit": "pcs"
      },
      {
        "name": "Ingredient 2",
        "quantity": 4,
        "unit": "pcs"
      },
      {
        "name": "Ingredient 3",
        "quantity": 5,
        "unit": "pcs"
      }
    ],
    "steps": [
      "Étape 1: faire quelque chose de simple.",
      "Étape 2: faire quelque chose de simple.",
      "Étape 3: faire quelque chose de simple."
    ]
  },
  {
    "title": "Recette démo 10 (Végétarien)",
    "summary": "Recette de démonstration.",
    "servings": 3,
    "timeMinutes": 25,
    "category": "Végétarien",
    "imageURL": null,
    "ingredients": [
      {
        "name": "Ingredient 1",
        "quantity": 281,
        "unit": "ml"
      },
      {
        "name": "Ingredient 2",
        "quantity": 236,
        "unit": "ml"
      },
      {
        "name": "Ingredient 3",
        "quantity": 6,
        "unit": "pcs"
      }
    ],
    "steps": [
      "Étape 1: faire quelque chose de simple.",
      "Étape 2: faire quelque chose de simple.",
      "Étape 3: faire quelque chose de simple."
    ]
  },
  {
    "title": "Recette démo 11 (Pâtes)",
    "summary": "Recette de démonstration.",
    "servings": 2,
    "timeMinutes": 30,
    "category": "Pâtes",
    "imageURL": null,
    "ingredients": [
      {
        "name": "Ingredient 1",
        "quantity": 139,
        "unit": "g"
      },
      {
        "name": "Ingredient 2",
        "quantity": 298,
        "unit": "ml"
      },
      {
        "name": "Ingredient 3",
        "quantity": 1,
        "unit": "pcs"
      },
      {
        "name": "Ingredient 4",
        "quantity": 340,
        "unit": "ml"
      },
      {
        "name": "Ingredient 5",
        "quantity": 345,
        "unit": "g"
      },
      {
        "name": "Ingredient 6",
        "quantity": 3,
        "unit": "pcs"
      }
    ],
    "steps": [
      "Étape 1: faire quelque chose de simple.",
      "Étape 2: faire quelque chose de simple.",
      "Étape 3: faire quelque chose de simple.",
      "Étape 4: faire quelque chose de simple.",
      "Étape 5: faire quelque chose de simple."
    ]
  },
  {
    "title": "Recette démo 12 (Pâtes)",
    "summary": "Recette de démonstration.",
    "servings": 4,
    "timeMinutes": 30,
    "category": "Pâtes",
    "imageURL": null,
    "ingredients": [
      {
        "name": "Ingredient 1",
        "quantity": 424,
        "unit": "ml"
      },
      {
        "name": "Ingredient 2",
        "quantity": 366,
        "unit": "ml"
      },
      {
        "name": "Ingredient 3",
        "quantity": 324,
        "unit": "g"
      },
      {
        "name": "Ingredient 4",
        "quantity": 400,
        "unit": "g"
      },
      {
        "name": "Ingredient 5",
        "quantity": 3,
        "unit": "pcs"
      }
    ],
    "steps": [
      "Étape 1: faire quelque chose de simple.",
      "Étape 2: faire quelque chose de simple.",
      "Étape 3: faire quelque chose de simple.",
      "Étape 4: faire quelque chose de simple.",
      "Étape 5: faire quelque chose de simple."
    ]
  },
  {
    "title": "Recette démo 13 (Poulet)",
    "summary": "Recette de démonstration.",
    "servings": 2,
    "timeMinutes": 25,
    "category": "Poulet",
    "imageURL": null,
    "ingredients": [
      {
        "name": "Ingredient 1",
        "quantity": 5,
        "unit": "pcs"
      },
      {
        "name": "Ingredient 2",
        "quantity": 76,
        "unit": "ml"
      },
      {
        "name": "Ingredient 3",
        "quantity": 285,
        "unit": "ml"
      },
      {
        "name": "Ingredient 4",
        "quantity": 203,
        "unit": "g"
      },
      {
        "name": "Ingredient 5",
        "quantity": 5,
        "unit": "pcs"
      }
    ],
    "steps": [
      "Étape 1: faire quelque chose de simple.",
      "Étape 2: faire quelque chose de simple.",
      "Étape 3: faire quelque chose de simple.",
      "Étape 4: faire quelque chose de simple."
    ]
  },
  {
    "title": "Recette démo 14 (Soupe)",
    "summary": "Recette de démonstration.",
    "servings": 3,
    "timeMinutes": 25,
    "category": "Soupe",
    "imageURL": null,
    "ingredients": [
      {
        "name": "Ingredient 1",
        "quantity": 1,
        "unit": "pcs"
      },
      {
        "name": "Ingredient 2",
        "quantity": 246,
        "unit": "ml"
      },
      {
        "name": "Ingredient 3",
        "quantity": 206,
        "unit": "g"
      },
      {
        "name": "Ingredient 4",
        "quantity": 3,
        "unit": "pcs"
      },
      {
        "name": "Ingredient 5",
        "quantity": 203,
        "unit": "g"
      }
    ],
    "steps": [
      "Étape 1: faire quelque chose de simple.",
      "Étape 2: faire quelque chose de simple.",
      "Étape 3: faire quelque chose de simple."
    ]
  },
  {
    "title": "Recette démo 15 (Dessert)",
    "summary": "Recette de démonstration.",
    "servings": 2,
    "timeMinutes": 40,
    "category": "Dessert",
    "imageURL": null,
    "ingredients": [
      {
        "name": "Ingredient 1",
        "quantity": 216,
        "unit": "ml"
      },
      {
        "name": "Ingredient 2",
        "quantity": 312,
        "unit": "ml"
      },
      {
        "name": "Ingredient 3",
        "quantity": 296,
        "unit": "ml"
      },
      {
        "name": "Ingredient 4",
        "quantity": 360,
        "unit": "ml"
      },
      {
        "name": "Ingredient 5",
        "quantity": 396,
        "unit": "g"
      },
      {
        "name": "Ingredient 6",
        "quantity": 186,
        "unit": "g"
      }
    ],
    "steps": [
      "Étape 1: faire quelque chose de simple.",
      "Étape 2: faire quelque chose de simple.",
      "Étape 3: faire quelque chose de simple.",
      "Étape 4: faire quelque chose de simple.",
      "Étape 5: faire quelque chose de simple."
    ]
  },
  {
    "title": "Recette démo 16 (Poulet)",
    "summary": "Recette de démonstration.",
    "servings": 3,
    "timeMinutes": 10,
    "category": "Poulet",
    "imageURL": null,
    "ingredients": [
      {
        "name": "Ingredient 1",
        "quantity": 186,
        "unit": "ml"
      },
      {
        "name": "Ingredient 2",
        "quantity": 6,
        "unit": "pcs"
      },
      {
        "name": "Ingredient 3",
        "quantity": 291,
        "unit": "ml"
      },
      {
        "name": "Ingredient 4",
        "quantity": 4,
        "unit": "pcs"
      }
    ],
    "steps": [
      "Étape 1: faire quelque chose de simple.",
      "Étape 2: faire quelque chose de simple.",
      "Étape 3: faire quelque chose de simple.",
      "Étape 4: faire quelque chose de simple.",
      "Étape 5: faire quelque chose de simple."
    ]
  },
  {
    "title": "Recette démo 17 (Soupe)",
    "summary": "Recette de démonstration.",
    "servings": 4,
    "timeMinutes": 15,
    "category": "Soupe",
    "imageURL": null,
    "ingredients": [
      {
        "name": "Ingredient 1",
        "quantity": 2,
        "unit": "pcs"
      },
      {
        "name": "Ingredient 2",
        "quantity": 5,
        "unit": "pcs"
      },
      {
        "name": "Ingredient 3",
        "quantity": 419,
        "unit": "g"
      },
      {
        "name": "Ingredient 4",
        "quantity": 6,
        "unit": "pcs"
      }
    ],
    "steps": [
      "Étape 1: faire quelque chose de simple.",
      "Étape 2: faire quelque chose de simple.",
      "Étape 3: faire quelque chose de simple.",
      "Étape 4: faire quelque chose de simple.",
      "Étape 5: faire quelque chose de simple."
    ]
  },
  {
    "title": "Recette démo 18 (Salade)",
    "summary": "Recette de démonstration.",
    "servings": 3,
    "timeMinutes": 20,
    "category": "Salade",
    "imageURL": null,
    "ingredients": [
      {
        "name": "Ingredient 1",
        "quantity": 185,
        "unit": "ml"
      },
      {
        "name": "Ingredient 2",
        "quantity": 6,
        "unit": "pcs"
      },
      {
        "name": "Ingredient 3",
        "quantity": 495,
        "unit": "g"
      }
    ],
    "steps": [
      "Étape 1: faire quelque chose de simple.",
      "Étape 2: faire quelque chose de simple."
    ]
  },
  {
    "title": "Recette démo 19 (Poulet)",
    "summary": "Recette de démonstration.",
    "servings": 2,
    "timeMinutes": 20,
    "category": "Poulet",
    "imageURL": null,
    "ingredients": [
      {
        "name": "Ingredient 1",
        "quantity": 405,
        "unit": "g"
      },
      {
        "name": "Ingredient 2",
        "quantity": 363,
        "unit": "g"
      },
      {
        "name": "Ingredient 3",
        "quantity": 6,
        "unit": "pcs"
      },
      {
        "name": "Ingredient 4",
        "quantity": 2,
        "unit": "pcs"
      }
    ],
    "steps": [
      "Étape 1: faire quelque chose de simple.",
      "Étape 2: faire quelque chose de simple.",
      "Étape 3: faire quelque chose de simple.",
      "Étape 4: faire quelque chose de simple."
    ]
  },
  {
    "title": "Recette démo 20 (Dessert)",
    "summary": "Recette de démonstration.",
    "servings": 4,
    "timeMinutes": 25,
    "category": "Dessert",
    "imageURL": null,
    "ingredients": [
      {
        "name": "Ingredient 1",
        "quantity": 429,
        "unit": "g"
      },
      {
        "name": "Ingredient 2",
        "quantity": 315,
        "unit": "g"
      },
      {
        "name": "Ingredient 3",
        "quantity": 57,
        "unit": "ml"
      },
      {
        "name": "Ingredient 4",
        "quantity": 2,
        "unit": "pcs"
      },
      {
        "name": "Ingredient 5",
        "quantity": 388,
        "unit": "g"
      }
    ],
    "steps": [
      "Étape 1: faire quelque chose de simple.",
      "Étape 2: faire quelque chose de simple."
    ]
  },
  {
    "title": "Recette démo 21 (Poulet)",
    "summary": "Recette de démonstration.",
    "servings": 3,
    "timeMinutes": 40,
    "category": "Poulet",
    "imageURL": null,
    "ingredients": [
      {
        "name": "Ingredient 1",
        "quantity": 457,
        "unit": "ml"
      },
      {
        "name": "Ingredient 2",
        "quantity": 110,
        "unit": "g"
      },
      {
        "name": "Ingredient 3",
        "quantity": 103,
        "unit": "ml"
      },
      {
        "name": "Ingredient 4",
        "quantity": 480,
        "unit": "ml"
      },
      {
        "name": "Ingredient 5",
        "quantity": 402,
        "unit": "g"
      },
      {
        "name": "Ingredient 6",
        "quantity": 179,
        "unit": "g"
      }
    ],
    "steps": [
      "Étape 1: faire quelque chose de simple.",
      "Étape 2: faire quelque chose de simple.",
      "Étape 3: faire quelque chose de simple.",
      "Étape 4: faire quelque chose de simple.",
      "Étape 5: faire quelque chose de simple."
    ]
  },
  {
    "title": "Recette démo 22 (Pâtes)",
    "summary": "Recette de démonstration.",
    "servings": 2,
    "timeMinutes": 25,
    "category": "Pâtes",
    "imageURL": null,
    "ingredients": [
      {
        "name": "Ingredient 1",
        "quantity": 272,
        "unit": "g"
      },
      {
        "name": "Ingredient 2",
        "quantity": 4,
        "unit": "pcs"
      },
      {
        "name": "Ingredient 3",
        "quantity": 330,
        "unit": "ml"
      },
      {
        "name": "Ingredient 4",
        "quantity": 268,
        "unit": "g"
      },
      {
        "name": "Ingredient 5",
        "quantity": 137,
        "unit": "g"
      },
      {
        "name": "Ingredient 6",
        "quantity": 389,
        "unit": "g"
      }
    ],
    "steps": [
      "Étape 1: faire quelque chose de simple.",
      "Étape 2: faire quelque chose de simple.",
      "Étape 3: faire quelque chose de simple.",
      "Étape 4: faire quelque chose de simple.",
      "Étape 5: faire quelque chose de simple."
    ]
  },
  {
    "title": "Recette démo 23 (Salade)",
    "summary": "Recette de démonstration.",
    "servings": 2,
    "timeMinutes": 30,
    "category": "Salade",
    "imageURL": null,
    "ingredients": [
      {
        "name": "Ingredient 1",
        "quantity": 2,
        "unit": "pcs"
      },
      {
        "name": "Ingredient 2",
        "quantity": 4,
        "unit": "pcs"
      },
      {
        "name": "Ingredient 3",
        "quantity": 106,
        "unit": "ml"
      },
      {
        "name": "Ingredient 4",
        "quantity": 1,
        "unit": "pcs"
      },
      {
        "name": "Ingredient 5",
        "quantity": 328,
        "unit": "g"
      }
    ],
    "steps": [
      "Étape 1: faire quelque chose de simple.",
      "Étape 2: faire quelque chose de simple.",
      "Étape 3: faire quelque chose de simple.",
      "Étape 4: faire quelque chose de simple."
    ]
  },
  {
    "title": "Recette démo 24 (Pâtes)",
    "summary": "Recette de démonstration.",
    "servings": 2,
    "timeMinutes": 20,
    "category": "Pâtes",
    "imageURL": null,
    "ingredients": [
      {
        "name": "Ingredient 1",
        "quantity": 179,
        "unit": "ml"
      },
      {
        "name": "Ingredient 2",
        "quantity": 301,
        "unit": "g"
      },
      {
        "name": "Ingredient 3",
        "quantity": 334,
        "unit": "ml"
      },
      {
        "name": "Ingredient 4",
        "quantity": 1,
        "unit": "pcs"
      },
      {
        "name": "Ingredient 5",
        "quantity": 2,
        "unit": "pcs"
      },
      {
        "name": "Ingredient 6",
        "quantity": 321,
        "unit": "g"
      }
    ],
    "steps": [
      "Étape 1: faire quelque chose de simple.",
      "Étape 2: faire quelque chose de simple.",
      "Étape 3: faire quelque chose de simple."
    ]
  },
  {
    "title": "Recette démo 25 (Salade)",
    "summary": "Recette de démonstration.",
    "servings": 4,
    "timeMinutes": 20,
    "category": "Salade",
    "imageURL": null,
    "ingredients": [
      {
        "name": "Ingredient 1",
        "quantity": 303,
        "unit": "ml"
      },
      {
        "name": "Ingredient 2",
        "quantity": 2,
        "unit": "pcs"
      },
      {
        "name": "Ingredient 3",
        "quantity": 452,
        "unit": "g"
      },
      {
        "name": "Ingredient 4",
        "quantity": 1,
        "unit": "pcs"
      },
      {
        "name": "Ingredient 5",
        "quantity": 406,
        "unit": "g"
      }
    ],
    "steps": [
      "Étape 1: faire quelque chose de simple.",
      "Étape 2: faire quelque chose de simple."
    ]
  },
  {
    "title": "Recette démo 26 (Poulet)",
    "summary": "Recette de démonstration.",
    "servings": 4,
    "timeMinutes": 30,
    "category": "Poulet",
    "imageURL": null,
    "ingredients": [
      {
        "name": "Ingredient 1",
        "quantity": 255,
        "unit": "ml"
      },
      {
        "name": "Ingredient 2",
        "quantity": 143,
        "unit": "ml"
      },
      {
        "name": "Ingredient 3",
        "quantity": 2,
        "unit": "pcs"
      },
      {
        "name": "Ingredient 4",
        "quantity": 86,
        "unit": "ml"
      },
      {
        "name": "Ingredient 5",
        "quantity": 5,
        "unit": "pcs"
      },
      {
        "name": "Ingredient 6",
        "quantity": 251,
        "unit": "ml"
      }
    ],
    "steps": [
      "Étape 1: faire quelque chose de simple.",
      "Étape 2: faire quelque chose de simple.",
      "Étape 3: faire quelque chose de simple."
    ]
  },
  {
    "title": "Recette démo 27 (Pâtes)",
    "summary": "Recette de démonstration.",
    "servings": 3,
    "timeMinutes": 25,
    "category": "Pâtes",
    "imageURL": null,
    "ingredients": [
      {
        "name": "Ingredient 1",
        "quantity": 4,
        "unit": "pcs"
      },
      {
        "name": "Ingredient 2",
        "quantity": 2,
        "unit": "pcs"
      },
      {
        "name": "Ingredient 3",
        "quantity": 108,
        "unit": "ml"
      },
      {
        "name": "Ingredient 4",
        "quantity": 360,
        "unit": "g"
      }
    ],
    "steps": [
      "Étape 1: faire quelque chose de simple.",
      "Étape 2: faire quelque chose de simple."
    ]
  },
  {
    "title": "Recette démo 28 (Pâtes)",
    "summary": "Recette de démonstration.",
    "servings": 3,
    "timeMinutes": 15,
    "category": "Pâtes",
    "imageURL": null,
    "ingredients": [
      {
        "name": "Ingredient 1",
        "quantity": 195,
        "unit": "g"
      },
      {
        "name": "Ingredient 2",
        "quantity": 494,
        "unit": "ml"
      },
      {
        "name": "Ingredient 3",
        "quantity": 3,
        "unit": "pcs"
      },
      {
        "name": "Ingredient 4",
        "quantity": 360,
        "unit": "ml"
      },
      {
        "name": "Ingredient 5",
        "quantity": 3,
        "unit": "pcs"
      },
      {
        "name": "Ingredient 6",
        "quantity": 2,
        "unit": "pcs"
      }
    ],
    "steps": [
      "Étape 1: faire quelque chose de simple.",
      "Étape 2: faire quelque chose de simple."
    ]
  },
  {
    "title": "Recette démo 29 (Dessert)",
    "summary": "Recette de démonstration.",
    "servings": 3,
    "timeMinutes": 30,
    "category": "Dessert",
    "imageURL": null,
    "ingredients": [
      {
        "name": "Ingredient 1",
        "quantity": 83,
        "unit": "ml"
      },
      {
        "name": "Ingredient 2",
        "quantity": 3,
        "unit": "pcs"
      },
      {
        "name": "Ingredient 3",
        "quantity": 70,
        "unit": "ml"
      },
      {
        "name": "Ingredient 4",
        "quantity": 6,
        "unit": "pcs"
      },
      {
        "name": "Ingredient 5",
        "quantity": 291,
        "unit": "g"
      },
      {
        "name": "Ingredient 6",
        "quantity": 159,
        "unit": "ml"
      }
    ],
    "steps": [
      "Étape 1: faire quelque chose de simple.",
      "Étape 2: faire quelque chose de simple.",
      "Étape 3: faire quelque chose de simple."
    ]
  },
  {
    "title": "Recette démo 30 (Pâtes)",
    "summary": "Recette de démonstration.",
    "servings": 2,
    "timeMinutes": 25,
    "category": "Pâtes",
    "imageURL": null,
    "ingredients": [
      {
        "name": "Ingredient 1",
        "quantity": 3,
        "unit": "pcs"
      },
      {
        "name": "Ingredient 2",
        "quantity": 3,
        "unit": "pcs"
      },
      {
        "name": "Ingredient 3",
        "quantity": 248,
        "unit": "g"
      },
      {
        "name": "Ingredient 4",
        "quantity": 1,
        "unit": "pcs"
      },
      {
        "name": "Ingredient 5",
        "quantity": 286,
        "unit": "ml"
      }
    ],
    "steps": [
      "Étape 1: faire quelque chose de simple.",
      "Étape 2: faire quelque chose de simple.",
      "Étape 3: faire quelque chose de simple."
    ]
  },
  {
    "title": "Recette démo 31 (Poisson)",
    "summary": "Recette de démonstration.",
    "servings": 4,
    "timeMinutes": 40,
    "category": "Poisson",
    "imageURL": null,
    "ingredients": [
      {
        "name": "Ingredient 1",
        "quantity": 191,
        "unit": "g"
      },
      {
        "name": "Ingredient 2",
        "quantity": 298,
        "unit": "ml"
      },
      {
        "name": "Ingredient 3",
        "quantity": 394,
        "unit": "ml"
      },
      {
        "name": "Ingredient 4",
        "quantity": 363,
        "unit": "g"
      },
      {
        "name": "Ingredient 5",
        "quantity": 5,
        "unit": "pcs"
      }
    ],
    "steps": [
      "Étape 1: faire quelque chose de simple.",
      "Étape 2: faire quelque chose de simple.",
      "Étape 3: faire quelque chose de simple.",
      "Étape 4: faire quelque chose de simple."
    ]
  },
  {
    "title": "Recette démo 32 (Soupe)",
    "summary": "Recette de démonstration.",
    "servings": 2,
    "timeMinutes": 10,
    "category": "Soupe",
    "imageURL": null,
    "ingredients": [
      {
        "name": "Ingredient 1",
        "quantity": 1,
        "unit": "pcs"
      },
      {
        "name": "Ingredient 2",
        "quantity": 382,
        "unit": "ml"
      },
      {
        "name": "Ingredient 3",
        "quantity": 68,
        "unit": "ml"
      },
      {
        "name": "Ingredient 4",
        "quantity": 495,
        "unit": "ml"
      },
      {
        "name": "Ingredient 5",
        "quantity": 6,
        "unit": "pcs"
      },
      {
        "name": "Ingredient 6",
        "quantity": 339,
        "unit": "g"
      }
    ],
    "steps": [
      "Étape 1: faire quelque chose de simple.",
      "Étape 2: faire quelque chose de simple.",
      "Étape 3: faire quelque chose de simple.",
      "Étape 4: faire quelque chose de simple.",
      "Étape 5: faire quelque chose de simple."
    ]
  },
  {
    "title": "Recette démo 33 (Soupe)",
    "summary": "Recette de démonstration.",
    "servings": 2,
    "timeMinutes": 15,
    "category": "Soupe",
    "imageURL": null,
    "ingredients": [
      {
        "name": "Ingredient 1",
        "quantity": 148,
        "unit": "g"
      },
      {
        "name": "Ingredient 2",
        "quantity": 395,
        "unit": "ml"
      },
      {
        "name": "Ingredient 3",
        "quantity": 50,
        "unit": "ml"
      },
      {
        "name": "Ingredient 4",
        "quantity": 4,
        "unit": "pcs"
      },
      {
        "name": "Ingredient 5",
        "quantity": 327,
        "unit": "ml"
      }
    ],
    "steps": [
      "Étape 1: faire quelque chose de simple.",
      "Étape 2: faire quelque chose de simple.",
      "Étape 3: faire quelque chose de simple.",
      "Étape 4: faire quelque chose de simple."
    ]
  },
  {
    "title": "Recette démo 34 (Pâtes)",
    "summary": "Recette de démonstration.",
    "servings": 3,
    "timeMinutes": 25,
    "category": "Pâtes",
    "imageURL": null,
    "ingredients": [
      {
        "name": "Ingredient 1",
        "quantity": 239,
        "unit": "ml"
      },
      {
        "name": "Ingredient 2",
        "quantity": 296,
        "unit": "g"
      },
      {
        "name": "Ingredient 3",
        "quantity": 342,
        "unit": "g"
      },
      {
        "name": "Ingredient 4",
        "quantity": 295,
        "unit": "ml"
      },
      {
        "name": "Ingredient 5",
        "quantity": 383,
        "unit": "ml"
      },
      {
        "name": "Ingredient 6",
        "quantity": 257,
        "unit": "g"
      }
    ],
    "steps": [
      "Étape 1: faire quelque chose de simple.",
      "Étape 2: faire quelque chose de simple.",
      "Étape 3: faire quelque chose de simple.",
      "Étape 4: faire quelque chose de simple."
    ]
  },
  {
    "title": "Recette démo 35 (Pâtes)",
    "summary": "Recette de démonstration.",
    "servings": 4,
    "timeMinutes": 40,
    "category": "Pâtes",
    "imageURL": null,
    "ingredients": [
      {
        "name": "Ingredient 1",
        "quantity": 3,
        "unit": "pcs"
      },
      {
        "name": "Ingredient 2",
        "quantity": 165,
        "unit": "ml"
      },
      {
        "name": "Ingredient 3",
        "quantity": 233,
        "unit": "ml"
      },
      {
        "name": "Ingredient 4",
        "quantity": 444,
        "unit": "g"
      },
      {
        "name": "Ingredient 5",
        "quantity": 221,
        "unit": "ml"
      },
      {
        "name": "Ingredient 6",
        "quantity": 324,
        "unit": "ml"
      }
    ],
    "steps": [
      "Étape 1: faire quelque chose de simple.",
      "Étape 2: faire quelque chose de simple.",
      "Étape 3: faire quelque chose de simple."
    ]
  },
  {
    "title": "Recette démo 36 (Salade)",
    "summary": "Recette de démonstration.",
    "servings": 3,
    "timeMinutes": 25,
    "category": "Salade",
    "imageURL": null,
    "ingredients": [
      {
        "name": "Ingredient 1",
        "quantity": 214,
        "unit": "ml"
      },
      {
        "name": "Ingredient 2",
        "quantity": 398,
        "unit": "ml"
      },
      {
        "name": "Ingredient 3",
        "quantity": 220,
        "unit": "ml"
      },
      {
        "name": "Ingredient 4",
        "quantity": 217,
        "unit": "g"
      },
      {
        "name": "Ingredient 5",
        "quantity": 441,
        "unit": "ml"
      }
    ],
    "steps": [
      "Étape 1: faire quelque chose de simple.",
      "Étape 2: faire quelque chose de simple.",
      "Étape 3: faire quelque chose de simple."
    ]
  },
  {
    "title": "Recette démo 37 (Pâtes)",
    "summary": "Recette de démonstration.",
    "servings": 3,
    "timeMinutes": 25,
    "category": "Pâtes",
    "imageURL": null,
    "ingredients": [
      {
        "name": "Ingredient 1",
        "quantity": 6,
        "unit": "pcs"
      },
      {
        "name": "Ingredient 2",
        "quantity": 6,
        "unit": "pcs"
      },
      {
        "name": "Ingredient 3",
        "quantity": 59,
        "unit": "ml"
      }
    ],
    "steps": [
      "Étape 1: faire quelque chose de simple.",
      "Étape 2: faire quelque chose de simple."
    ]
  },
  {
    "title": "Recette démo 38 (Végétarien)",
    "summary": "Recette de démonstration.",
    "servings": 2,
    "timeMinutes": 30,
    "category": "Végétarien",
    "imageURL": null,
    "ingredients": [
      {
        "name": "Ingredient 1",
        "quantity": 90,
        "unit": "ml"
      },
      {
        "name": "Ingredient 2",
        "quantity": 365,
        "unit": "g"
      },
      {
        "name": "Ingredient 3",
        "quantity": 379,
        "unit": "ml"
      }
    ],
    "steps": [
      "Étape 1: faire quelque chose de simple.",
      "Étape 2: faire quelque chose de simple.",
      "Étape 3: faire quelque chose de simple.",
      "Étape 4: faire quelque chose de simple.",
      "Étape 5: faire quelque chose de simple."
    ]
  },
  {
    "title": "Recette démo 39 (Végétarien)",
    "summary": "Recette de démonstration.",
    "servings": 3,
    "timeMinutes": 30,
    "category": "Végétarien",
    "imageURL": null,
    "ingredients": [
      {
        "name": "Ingredient 1",
        "quantity": 405,
        "unit": "g"
      },
      {
        "name": "Ingredient 2",
        "quantity": 242,
        "unit": "g"
      },
      {
        "name": "Ingredient 3",
        "quantity": 432,
        "unit": "ml"
      }
    ],
    "steps": [
      "Étape 1: faire quelque chose de simple.",
      "Étape 2: faire quelque chose de simple.",
      "Étape 3: faire quelque chose de simple.",
      "Étape 4: faire quelque chose de simple."
    ]
  },
  {
    "title": "Recette démo 40 (Poulet)",
    "summary": "Recette de démonstration.",
    "servings": 4,
    "timeMinutes": 30,
    "category": "Poulet",
    "imageURL": null,
    "ingredients": [
      {
        "name": "Ingredient 1",
        "quantity": 430,
        "unit": "g"
      },
      {
        "name": "Ingredient 2",
        "quantity": 188,
        "unit": "ml"
      },
      {
        "name": "Ingredient 3",
        "quantity": 120,
        "unit": "g"
      },
      {
        "name": "Ingredient 4",
        "quantity": 168,
        "unit": "ml"
      },
      {
        "name": "Ingredient 5",
        "quantity": 2,
        "unit": "pcs"
      },
      {
        "name": "Ingredient 6",
        "quantity": 320,
        "unit": "ml"
      }
    ],
    "steps": [
      "Étape 1: faire quelque chose de simple.",
      "Étape 2: faire quelque chose de simple."
    ]
  },
  {
    "title": "Recette démo 41 (Pâtes)",
    "summary": "Recette de démonstration.",
    "servings": 3,
    "timeMinutes": 10,
    "category": "Pâtes",
    "imageURL": null,
    "ingredients": [
      {
        "name": "Ingredient 1",
        "quantity": 292,
        "unit": "g"
      },
      {
        "name": "Ingredient 2",
        "quantity": 463,
        "unit": "ml"
      },
      {
        "name": "Ingredient 3",
        "quantity": 397,
        "unit": "ml"
      }
    ],
    "steps": [
      "Étape 1: faire quelque chose de simple.",
      "Étape 2: faire quelque chose de simple."
    ]
  },
  {
    "title": "Recette démo 42 (Poisson)",
    "summary": "Recette de démonstration.",
    "servings": 2,
    "timeMinutes": 30,
    "category": "Poisson",
    "imageURL": null,
    "ingredients": [
      {
        "name": "Ingredient 1",
        "quantity": 4,
        "unit": "pcs"
      },
      {
        "name": "Ingredient 2",
        "quantity": 431,
        "unit": "g"
      },
      {
        "name": "Ingredient 3",
        "quantity": 126,
        "unit": "g"
      },
      {
        "name": "Ingredient 4",
        "quantity": 110,
        "unit": "g"
      },
      {
        "name": "Ingredient 5",
        "quantity": 286,
        "unit": "ml"
      }
    ],
    "steps": [
      "Étape 1: faire quelque chose de simple.",
      "Étape 2: faire quelque chose de simple.",
      "Étape 3: faire quelque chose de simple.",
      "Étape 4: faire quelque chose de simple."
    ]
  },
  {
    "title": "Recette démo 43 (Dessert)",
    "summary": "Recette de démonstration.",
    "servings": 3,
    "timeMinutes": 20,
    "category": "Dessert",
    "imageURL": null,
    "ingredients": [
      {
        "name": "Ingredient 1",
        "quantity": 1,
        "unit": "pcs"
      },
      {
        "name": "Ingredient 2",
        "quantity": 3,
        "unit": "pcs"
      },
      {
        "name": "Ingredient 3",
        "quantity": 242,
        "unit": "g"
      },
      {
        "name": "Ingredient 4",
        "quantity": 244,
        "unit": "ml"
      },
      {
        "name": "Ingredient 5",
        "quantity": 220,
        "unit": "ml"
      },
      {
        "name": "Ingredient 6",
        "quantity": 221,
        "unit": "g"
      }
    ],
    "steps": [
      "Étape 1: faire quelque chose de simple.",
      "Étape 2: faire quelque chose de simple.",
      "Étape 3: faire quelque chose de simple.",
      "Étape 4: faire quelque chose de simple.",
      "Étape 5: faire quelque chose de simple."
    ]
  },
  {
    "title": "Recette démo 44 (Salade)",
    "summary": "Recette de démonstration.",
    "servings": 4,
    "timeMinutes": 30,
    "category": "Salade",
    "imageURL": null,
    "ingredients": [
      {
        "name": "Ingredient 1",
        "quantity": 2,
        "unit": "pcs"
      },
      {
        "name": "Ingredient 2",
        "quantity": 150,
        "unit": "g"
      },
      {
        "name": "Ingredient 3",
        "quantity": 190,
        "unit": "ml"
      }
    ],
    "steps": [
      "Étape 1: faire quelque chose de simple.",
      "Étape 2: faire quelque chose de simple."
    ]
  },
  {
    "title": "Recette démo 45 (Végétarien)",
    "summary": "Recette de démonstration.",
    "servings": 2,
    "timeMinutes": 40,
    "category": "Végétarien",
    "imageURL": null,
    "ingredients": [
      {
        "name": "Ingredient 1",
        "quantity": 487,
        "unit": "ml"
      },
      {
        "name": "Ingredient 2",
        "quantity": 160,
        "unit": "ml"
      },
      {
        "name": "Ingredient 3",
        "quantity": 193,
        "unit": "ml"
      },
      {
        "name": "Ingredient 4",
        "quantity": 153,
        "unit": "g"
      },
      {
        "name": "Ingredient 5",
        "quantity": 1,
        "unit": "pcs"
      }
    ],
    "steps": [
      "Étape 1: faire quelque chose de simple.",
      "Étape 2: faire quelque chose de simple.",
      "Étape 3: faire quelque chose de simple.",
      "Étape 4: faire quelque chose de simple.",
      "Étape 5: faire quelque chose de simple."
    ]
  },
  {
    "title": "Recette démo 46 (Végétarien)",
    "summary": "Recette de démonstration.",
    "servings": 2,
    "timeMinutes": 40,
    "category": "Végétarien",
    "imageURL": null,
    "ingredients": [
      {
        "name": "Ingredient 1",
        "quantity": 288,
        "unit": "ml"
      },
      {
        "name": "Ingredient 2",
        "quantity": 165,
        "unit": "g"
      },
      {
        "name": "Ingredient 3",
        "quantity": 4,
        "unit": "pcs"
      },
      {
        "name": "Ingredient 4",
        "quantity": 106,
        "unit": "g"
      },
      {
        "name": "Ingredient 5",
        "quantity": 133,
        "unit": "g"
      }
    ],
    "steps": [
      "Étape 1: faire quelque chose de simple.",
      "Étape 2: faire quelque chose de simple.",
      "Étape 3: faire quelque chose de simple.",
      "Étape 4: faire quelque chose de simple.",
      "Étape 5: faire quelque chose de simple."
    ]
  },
  {
    "title": "Recette démo 47 (Dessert)",
    "summary": "Recette de démonstration.",
    "servings": 3,
    "timeMinutes": 30,
    "category": "Dessert",
    "imageURL": null,
    "ingredients": [
      {
        "name": "Ingredient 1",
        "quantity": 155,
        "unit": "g"
      },
      {
        "name": "Ingredient 2",
        "quantity": 380,
        "unit": "g"
      },
      {
        "name": "Ingredient 3",
        "quantity": 117,
        "unit": "g"
      },
      {
        "name": "Ingredient 4",
        "quantity": 1,
        "unit": "pcs"
      }
    ],
    "steps": [
      "Étape 1: faire quelque chose de simple.",
      "Étape 2: faire quelque chose de simple."
    ]
  },
  {
    "title": "Recette démo 48 (Salade)",
    "summary": "Recette de démonstration.",
    "servings": 3,
    "timeMinutes": 20,
    "category": "Salade",
    "imageURL": null,
    "ingredients": [
      {
        "name": "Ingredient 1",
        "quantity": 497,
        "unit": "ml"
      },
      {
        "name": "Ingredient 2",
        "quantity": 442,
        "unit": "g"
      },
      {
        "name": "Ingredient 3",
        "quantity": 4,
        "unit": "pcs"
      }
    ],
    "steps": [
      "Étape 1: faire quelque chose de simple.",
      "Étape 2: faire quelque chose de simple."
    ]
  },
  {
    "title": "Recette démo 49 (Soupe)",
    "summary": "Recette de démonstration.",
    "servings": 3,
    "timeMinutes": 20,
    "category": "Soupe",
    "imageURL": null,
    "ingredients": [
      {
        "name": "Ingredient 1",
        "quantity": 198,
        "unit": "ml"
      },
      {
        "name": "Ingredient 2",
        "quantity": 291,
        "unit": "g"
      },
      {
        "name": "Ingredient 3",
        "quantity": 211,
        "unit": "g"
      },
      {
        "name": "Ingredient 4",
        "quantity": 460,
        "unit": "ml"
      },
      {
        "name": "Ingredient 5",
        "quantity": 5,
        "unit": "pcs"
      },
      {
        "name": "Ingredient 6",
        "quantity": 199,
        "unit": "ml"
      }
    ],
    "steps": [
      "Étape 1: faire quelque chose de simple.",
      "Étape 2: faire quelque chose de simple.",
      "Étape 3: faire quelque chose de simple.",
      "Étape 4: faire quelque chose de simple.",
      "Étape 5: faire quelque chose de simple."
    ]
  },
  {
    "title": "Recette démo 50 (Végétarien)",
    "summary": "Recette de démonstration.",
    "servings": 4,
    "timeMinutes": 40,
    "category": "Végétarien",
    "imageURL": null,
    "ingredients": [
      {
        "name": "Ingredient 1",
        "quantity": 4,
        "unit": "pcs"
      },
      {
        "name": "Ingredient 2",
        "quantity": 297,
        "unit": "ml"
      },
      {
        "name": "Ingredient 3",
        "quantity": 218,
        "unit": "g"
      },
      {
        "name": "Ingredient 4",
        "quantity": 4,
        "unit": "pcs"
      }
    ],
    "steps": [
      "Étape 1: faire quelque chose de simple.",
      "Étape 2: faire quelque chose de simple.",
      "Étape 3: faire quelque chose de simple."
    ]
  }
]